2595,"Find your romantic getaway to this beautiful, spacious skylit studio in the heart of Midtown, Manhattan.  STUNNING SKYLIT STUDIO / 1 BED + SINGLE / FULL BATH / FULL KITCHEN / FIREPLACE / CENTRALLY LOCATED / WiFi + APPLE TV / SHEETS + TOWELS - Spacious (500+ftÂ²), immaculate and nicely furnished & designed studio. - Tuck yourself into the ultra comfortable bed under the skylight. Fall in love with a myriad of bright lights in the city night sky.  - Single-sized bed/convertible floor mattress with luxury bedding (available upon request). - Gorgeous pyramid skylight with amazing diffused natural light, stunning architectural details, soaring high vaulted ceilings, exposed brick, wood burning fireplace, floor seating area with natural zafu cushions, modern style mixed with eclectic art & antique treasures, large full bath, newly renovated kitchen, air conditioning/heat, high speed WiFi Internet, and Apple TV. - Centrally located in the heart of Midtown Manhattan just a few blocks from all s"
3647,WELCOME TO OUR INTERNATIONAL URBAN COMMUNITY This Spacious 1 bedroom  is with Plenty of Windows with a View....... Sleeps.....Four Adults.....two in the Livingrm. with (2) Sofa-beds.  (Website hidden by Airbnb) two in the Bedrm.on a very Comfortable Queen Size Bed... A Complete Bathrm.....With Shower and Bathtub....... Fully Equipped with Linens & Towels........ Spacious Living Room......Flat ScreenTelevision.....DVD Player with Movies available for your viewing during your stay............................................................................. Dining Area.....for Morning Coffee or Tea..................................................... The Kitchen Area is Modern with Granite Counter Top... includes the use of a Coffee Maker...Microwave to Heat up a Carry Out/In Meal.... Not suited for a Gourmet Cook...or Top Chef......Sorry!!!! . This Flat is located in HISTORIC HARLEM.... near the Appollo Theater and The Museum Mile...on Fifth Avenue. Sylvia's World Famous Resturant...loca
3831,"Urban retreat: enjoy 500 s.f. floor in 1899 brownstone, with wood and ceramic flooring throughout (completed Aug. 2015 through Sept. 2015), roomy bdrm, & upgraded kitchen & bathroom (completed Oct. 2015).  It's sunny and loaded with everything you need! Greetings!      We own a double-duplex brownstone in Clinton Hill on Gates near Classon Avenue -  (7 blocks to C train, 5 blocks to G train, minutes to all), in which we host on the entire top floor of the upper duplex.  This is more of an efficiency set-up: it is the top floor on a two-family, double duplex brownstone.  The top floor for our guests consists of a sizable bedroom, full bath and eat-in kitchen for your exclusive use.  Our family occupies the floors below.  You go through a common hallway and staircase, to get to the top floor (2 easy flights up from the main entrance), but not through any rooms, so it is a fairly private set-up. - Clinton Hill, Gates Avenue near Classon Ave. (1 mi. or less to Williamsburg, Park Slope, Pro"
5022,"Loft apartment with high ceiling and wood flooring located 10 minutes away from Central Park in Harlem -Â 1 block away from 6 train and 3 blocks from 2 & 3 line. This is in a recently renovated building which includes elevator, trash shoot. marble entrance and laundromat in the basement.  The apartment is a spacious loft studio. The seating area and sleeping area is divided by a bookcase. There is a long hallway entrance where the bathroom and closet for your clothes is situated. The apartment is in mint condition, the walls have been freshly painted a few months ago. Supermarket, and 24 hour convenience store less than 1 block away.  1 block away from Hot Yoga Studio and NY Sports club facility.  Perfect for anyone wanting to stay in Manhattan but get more space.  10 minutes away from midtown and 15 minutes away from downtown. The neighborhood is lively and diverse. You will need to travel at least 10 blocks to find cafe's, restaurants etc.. There are a few restaurants on 100 street on"
5099,"My large 1 bedroom apartment is true New York City living.  The apt is in midtown on the east side and centrally located, just a 10-minute walk from Grand Central Station, Empire State Building, Times Square. The kitchen and living room are large and bright with Apple TV. I have a new Queen Bed that sleeps 2 people, and a Queen Aero Bed that can sleep 2 people in the living room. The apartment is located on the 5th floor of a walk up - no elevator (lift). I have a large 1 bedroom apartment centrally located in Midtown East.  A 10 minute walk from Grand Central Station, Times Square, Empire State Building and all major subway and bus lines. The apartment is located on the 5th floor of a pre-war walk up building-no elevator/lift.  The apartment is bright with has high ceilings and flow through rooms. A spacious, cozy living room with Netflix and Apple TV.  A large bright kitchen to sit and enjoy coffee or tea.  The bedroom is spacious with a comfortable queen size bed that sleeps 2.   I "
5121,"HELLO EVERYONE AND THANKS FOR VISITING BLISS ART SPACE!  Thank you all for your support. I've traveled a lot in the last year few years, to the  U.K. Germany, Italy and France! Loved Paris, Berlin and Calabria! Highly recommend all these places.  One room available for rent in a 2 bedroom apt in Bklyn. We share a common space with kitchen. I am an artist(painter, filmmaker) and curator who is working in the film industry while I'm building my art event production businesses. Price above is nightly for one person. Monthly rates available.  Price is $900 per month for one person. Utilities not included, they are about 50 bucks, payable when the bill arrives mid month.   Couples rates are slightly more for monthly and 90$ per night short term. If you are a couple please Iet me know and Iâ€™ll give you the monthly rate for that. Room rental is on a temporary basis, perfect from 2- 6 months - no long term requests please! At the moment I AM ONLY TAKING BOOKINGS OF AT LEAST ONE OR ONE AND A HA"
5178,"Please donâ€™t expect the luxury here just a basic room in the center of Manhattan. You will use one large, furnished, private room of a two-bedroom apartment and share a bathroom with the host.   The apartment is located a few blocks away from Central Park between 8th and 9th Avenue. The closest subway station is Columbus Circle 59th Street.  Great restaurants, Broadway and all transportation are easily accessible.  The cost of the room is $79 per night.  Weekly rate is available. There is a $12.00 fee per guest.  The apartment also features hardwood floors and a second-floor walk-up.  There is a full-sized bed,TV, microwave, and a small refrigerator as well as other appliances.   Wired internet, WIFI, TV, electric heat, bed sheets and towels are included.  A kitchen is available in the living room. You can come in any time except midnight.   Basic check in/out time is 12pm. I am flexible on the schedule so please ask.  Please nore that the living room is a private place for the host. A"
5203,"Our best guests are seeking a safe, clean, spare room in a family apartment.  They are comfortable being independent, accommodating of family noise (quiet hours 11pm-7am), and aren't afraid of a friendly two year old golden lab (dog).  Our guests aren't put off by an old bathroom that while perfectly clean, has some peeling paint.  In short, our guests want to feel like they are staying at their sister's apartment while visiting the city! (only their sister changed the sheets and cleaned). Stay in my family's little  guest room and enjoy privacy, a warm welcome, and security.  Your guest room is comfortable and clean.   It is small but well outfitted, has a single bed and a fabulous mattress which is firm and yet pillowy on top, all at the same time. The bathroom is shared and immediately across the hall. (""Shared"" in the sense it isn't ""en suite."" The family will use our second bath while you are staying with us). The bathroom is fully supplied with shampoo, conditioner, scrub, soap, "
5222,"Sunny, quiet 1-bedroom in the heart of the East Village.  Hardwood floors, windows in every room, beautiful retro furnishings.  Huge flat screen TV and cable. Separate bedroom with full-sized bed and ceiling fan; eat-in kitchen for two; the living room makes 3 rooms total + a small, clean bathroom.  Elevator building. $500 required for deposit + approx $75/month cleaning fee (you schedule it through Handy.) Deposit is returned on departure if apartment is in its original condition. Minimum stay of 1 month. Ideal for someone to stay through the end of the year. The East Village is a fun, romantic, artists' neighborhood with some of the best restaurants, bars, and one-of-a-kind shops in the city. The F train at Second Avenue is a 10 minute walk; the L train at 14th Street is a 15 minute walk. Thereâ€™s a bus on Avenue A right outside the apartment. I hope you enjoy using the Apple TV! Please make sure to sign out of iTunes before you check-out of the apartment. Otherwise, charges may show "
5238,"Live like a New Yorker instead of a stuffy, tiny, overpriced hotel. My small yet cozy one bedroom apartment is nestled in the southern part of the historic lower east side, steps to the subway and walking distance to the coolest neighborhoods. PLEASE NOTE: do not automatically book with out messaging me first. Thanks! My apartment is a cute, cozy, 1 bdrm apt in the Lower East Side (LES) adjacent to Chinatown in lower Manhattan, steps to F train, East Broadway stop and very close to Canal/Delancey streets where many hip bars, restaurants and shops are in the LES. Apt is clean, has a fully equipped kitchen, cable TV, A/C, heat, and wireless internet. Apt is located on 2nd floor of well maintained walk up building. Walking distance to Soho, East Village, Little Italy, Chinatown and very close to Dumbo and Williamsburg, Brooklyn. You have place to yourself-better than a hotel!  Prices listed are for up to two people only. Possible to accommodate a 3rd (for extra charge), but ideal for two."
5295,"Beautiful 1br on the Upper West Side. Apartment is in a great location, close to Columbia University, the beautiful St. Johnâ€™s Cathedral, just a few blocks from Central Park, Riverside Park, and Morning Side Park.  Many amazing restaurants are just a few steps away and it's only 2 small blocks from the 1 train and 3 blocks from the B and C  trains. My charming 1 bedroom apartment is very sunny, with a comfortable full size bed in the bedroom, fold out couch in the living room, TV/DVD, brand new kitchen, brand new bathroom, and Internet. It is on the 6th floor of an elevator building with an evening doorman. Can't wait to hear from you! Deposit required."
5441,"Convenient Midtown Manhattan location a block from the subways and theaters and accessible by public transportation to all regional airports. The small 5th floor walk-up in a tenement building is  most suitable for backpackers, single travelers and conference goers. I rent the small bedroom which has a double bed (not queen or king) and a closet. We share the bathroom and I stay in the front of the apartment which has a sliding door. The apartment is located on the 5th floor of a walk-up building. There is no elevator. The guest room is small but quiet, with air conditioning and wi-fi. The bathroom is next to the guest bedroom. I rent just the small bedroom with kitchen use at breakfast from 7am to 10:30am. I leave some space in the refrigerator if you have snacks. I am often available to orient guests and to give advise on how to get around town by subway and bus. The neighborhood is busy with restaurants staying open late due to its proximity to the Broadway theaters. The closest sub"
5803,"Beautiful house, gorgeous garden, patio, cozy room, and helpful host!   Super safe and quiet in beautiful, vibrant Park Slope!  Close to great restaurants, cultural spaces, Prospect Park.   3 minutes walk to 3 subway lines, 20 mins to Manhattan. LEGAL rental -- per NY laws.   Six gyms nearby; Please read,  then WRITE to me about your  trip, and needs.  Please DO NOT request reservation until I reply ""YES""!   I want to be sure it's right for you. Welcome to an historic, stunning 4-story Brooklyn house,  with beautiful garden and large patio.  Park Slope is a very safe, quiet and friendly.   140 year old house filled with light, color, artwork.   Legal rental.   Three excellent SUBWAY LINES (R, F, G)   3 minutes walk, 20 mins to Manhattan.  Please write to me with your details;   Wait til I reply ""yes"" before requesting room. Discounts available for longer stays or in winter.   Historic house with charming details, with some quirks like creaky stairs. The main floor is my office; I  work"
6090,"Freshly painted, bright open space! Excellent West Village Location - Bleecker Street and Perry Street in the heart of the West Village, a historic and chic neighborhood in Manhattan with many 19th century townhouses. Excellent West Village Location - Bleecker Street and Perry Street in the heart of the West Village, a historic and chic neighborhood in Manhattan with many 19th century townhouses. Around every corner you will find brownstones, stoops, cobblestone and tree lined streets Plus endless restaurant & shopping choices.    The apartment has many original details and is located in a historic pre-war apartment building on one of the prettiest street corners in lower Manhattan. Details:  * Large windows provide beautiful natural light and views of the charming neighborhood  * Hardwood floors and vintage style tile * Decorative fireplace with mantel * Renovated Kitchen with full refrigerator, stove, microwave and dishwasher  * Spacious open floor plan and high ceilings * Queen size"
6848,"Comfortable studio apartment with super comfortable king size bed and  full kitchen and bathroom located in FABULOUS Williamsburg, Brooklyn. Our comfortable 500 sq foot (46 sq m) studio apartment with full kitchen and bath is for short term rental. The apartment is private and is in a two family house. The house is located in FABULOUS Williamsburg, Brooklyn within 10 minute travel from Manhattan. The studio is a perfect place to stay for budget minded visitors of New York City! IN THE APARTMENT: Comfortable luxury king size bed, soft flannel bed linens, pillows, comforters, a couch with queen size pullout bed, air conditioning, hangers, iron & ironing board, alarm clock, radio, TV(No Cable/Satellite), DVD/VCR player, wireless internet access for guest's laptops, dining table, room divider/screen IN THE BATHROOM:  Fluffy bath towels, hand towels, bath mat, wash cloths, toilet paper (initial supply), plunger/toilet brush, soaps, shampoo & conditioner, hair dryer. IN THE KITCHEN:  Refrige"
7097,"This is a street-level floor of a 4-story brownstone on a residential street. We live upstairs but it's private w/own entrance. Stairs lead to main house (behind door) but we don't enter. You'll have a bedroom, bathroom, living room, kitchenette (see below). You can cook upstairs in kitchen we seldom use. Garden access. Big TV and internet. Note: Bathroom is en suite so additional guests must walk through the bedroom to use it. No doorman -- just me -- but that wasn't available on drop-down. Are your parents coming to town? They'll love this space -- high-end Victorian townhouse. Very spacious and clean. We are on premises, and happy to help but won't disturb. There's no oven or cooktop or oven, but microwave, refrigerator/freezer, sink, cutlery/dishes, coffeepot and teapot as well as coffee and tea, sugar (no food, though). You can use main kitchen upstairs if you really want to cook. King-size bed as well as queen-size sofa bed, bathroom with shower but no tub. This is an open-space "
7322,"Welcome to  New York City and Chelsea Perfect. I look forward to hosting you in a true BNB fashion with full amenities and a wonderful healthful organic breakfast prepared especially for you.  Here you will have all of the privacy your desire or socializing that you want. I am in the heart of the City in Chelsea and we are in walking distance of nearly everything and and easy subway or bus ride to the rest! Shops, food, shows, schools, and world renowned medical facilities. Enjoy! Hey Doti, You are now our #1 host in NYC...  Brian Chesky  Co-founder  Airbnb --------------------------------------------------------------------------------------- ENJOY NEW YORK CITY IN A TRUE BED AND BREAKFAST STYLE WITH FULL SERVICE AND AMENITIES.  Private Bedroom, with queen memory foam topped bed. The room is Located at the end of a long hall providing extra privacy. Apartment has large separate living room, dining area, NY small:)  but  fully equipped kitchen, furnished with all amenities and linen, c"
7726,"Meander down our beautiful tree lined street until you find our Historic 125 year old townhouse. Our hip one bedroom garden apartment comes with your own private entrance and backyard access.  Backyard has an outdoor sectional sofa, dining table for 8 and gas BBQ. It's an 8 min walk to the A Express train that will have you in lower Manhattan in 15 mins. Plenty of room for an air mattress if you need more sleeping space, just ask. Let your vacation begin in historic Crown Heights Brooklyn. You have your own floor with private entrance, kitchen and bathroom. The laundry room and backyard are shared spaces.  Guests are not allowed in the cellar or upstairs. Guests have private entrance and the entire 1 bedroom apartment to themselves. Private kitchen, bathroom, living room and bedroom. The Laundry room and backyard are shared spaces. Please feel free to text me during your stay for any questions or recommendations for restaurants, transit help, things to do etc... A mix of Caribbean cult"
7750,"Large Furnished 2BR one block  to Central Park - sleeps 4  (not a share, you will have the whole 2 bed room apartment) Available Starting July1st 2014 Located on 109th St East Side. Just half a block to Central park. off of 5th ave. Close to both the 6 and 2/3 subway. Only 15 mins sunway ride to Time square.  The apartment large. 2 bed room. will full size kitchen and bath.  One bed with queens size bed and the other with a full size bed. large real kitchen with stove and dishwasher . a nice size bathroom with big bath tub.  The rate is $190 per night. 7 nights min please. plus $120 one time cleaning fee.  There is a $300 refundable deposit needed at check in time Please tell me a little about what bring you to the big apple and how many people will be staying.  "
7801,"A true open-plan loft in a repurposed factory building with beautiful sunlight, a king bed and comfy double futon, fully stocked kitchen with dishwasher, washer and dryer, custom cedar sauna, bathroom with tub and shower, and lots of lounging spaces. The apartment is an open-plan (Phone number hidden by Airbnb) sq. ft. loft (140 sq m) with 5 large windows providing bright sunlight all day, located in an old factory building with many of the original finishes including tin ceilings, wooden beams and columns, and white brick walls. Very few of these original factory loft buildings remain in the neighborhood, and this space is quite special. Located in the very center of Williamsburg: just two blocks from the Bedford L train and two blocks from McCarren park! Stellar restaurants, bars, nightlife, and shopping are all steps away. Manhattan is just a 5-10 minute ride on the L train. The loft has a fully stocked kitchen with fridge, oven, microwave, dishwasher, and everything you might need "
8024,"Located  in the heart of Park Slope, Bklyn,  CBG is a vintage Brooklyn experience. Our ground floor is our most accessible room, with a large full bathroom on garden end of same floor; common  kitchen/dining area here  as well. Queen bed firm/ comfortable; second (double) bed also comfortable. You have direct access to our enclosed porch and backyard garden.  Welcome to serenity! Grab a book from our extensive library and lounge in a hammock. This is how Brooklyn used to be. Welcome to CommunityBeGood,(URL HIDDEN)    30% of guest fees we donate to our partner Haitian - led groups;   informal Brooklyn guest house on Park Place  for people wanting travel stays tied into local neighborhood of Park Slope and to have their fees help  support local to global social projects. We offer  free wireless, cable TV in each room; Located 20  minutes from Manhattan by close subway, and steps from  Brooklyn's Fifth Avenue trendy cafes and shops/ BAM Brooklyn Academy of Music; ten minutes from Brooklyn"
8110,"This sunny second floor smaller room has a comfortable large double bed and a couch that can fold out to a double bed to sleep one or two additional people.  The room faces the tree lined street with two large windows. There is Cable TV in the room and wifi throughout the building. On the second floor is a small half bathroom.  Off the office in the back is a large tiled shower for guest use.  Also there are full bathrooms with showers on the first floor and third floor, including a bathtub. * Owner occupied  brownstone with garden - homeowner (Lisel) is  active  in local/ global partnerships with the organized poor; guest cooking and food storage welcome;  * CTY Donations: 30% of guest fees go to Haitian or local projects.  CBG Partner network and  (SENSITIVE CONTENTS HIDDEN) followup are options.  * Guests are invited into an informal brownstone household, with garden and kitchen cooking access. WEB:(URL HIDDEN)    * Fifth Avenue Cafes, Brooklyn BAM performances, Prospect Park,  and "
8490,"I am the lucky owner of an amazing brownstone. I have been renting my second floor as a vacation rental for one year plus and have amazing response.I just discovered airbnb and i thought i could try it .looks like fun.!!!! anyway the apt is (URL HIDDEN) features a terrasse with chairs ,table ,umbrella and (URL HIDDEN) is prefect for having a glass of wine in summer nights,grilling,brunch or simply chat and watch the stars!!!! Because the house is about 100 years old,there is antique wood floor,two fireplaces and antique clawfoot tub.The kitchen is enterely equiped(stove ,fridge...) with brick counter like in Tuscany. The master bedroom features a true queen size bed with double french door to the terrasse. The living room offers a daybed that turns into two twins beds or another queen size bed. Towels are provided. cable and wifi The neighbouhood bedstuy is the new upcoming place to be.It is often described as the hidden treasure of Ny.A new italian restaurant just opened a few block a"
8505,"Just renovated sun drenched bedroom in a quiet apartment across the street from Prospect Park. Apartment sits across the street from Prospect Park. Cozy bedroom that's just been renovated. Western facing windows, sleep in late, but enjoy plenty of light in the evenings. Recently remodeled modern bathroom. Washer and dryer available for use. High quality sofabed. Yoga mats, yoga blocks  resistance bands and foam roller for your use. Quiet and friendly neighborhood, in the heart of Windsor Terrace. 25 minutes to Manhattan by F train Bedroom and bathroom. In person as well and via Airbnb Quiet and beautiful Windsor Terrace. The apartment is across the street from an entrance to Prospect Park. 10 minute walk to the 15th Street F & G train as well as the bustling Prospect Park West Street, filled with restaurants, bars, coffee shops and a book store. Ten minutes walk to the 15th sheet F&G train stop. I'm very happy to share my apartment with you, and have a few rules to ensure its a positiv"
8700,"Suite de 20 m2 a 5 min des 2 lignes de metro au Nord de Manhattan. Bars, restaurants et un marche bio animent le quartier. Magnifique vue sur les Cloitres medievaux et inonde de lumiere. Parfait pour une escapade a New-York! Metro 1 et A"
9357,"HELLO.  PLEASE DO NOT HIT ""REQUEST TO BOOK"". HIT CONTACT HOST BELOW FIRST.  THANK YOU. Cozy & comfy studio on a quiet, tree-lined street, right in the heart of New York City!  Close to many subways with elevator & doorman. PLEASE DO NOT HIT ""REQUEST TO BOOK"". HIT SMALL ""CONTACT HOST"" ABOVE IN RED FIRST.  THANK YOU. LOCATION, LOCATION, LOCATION!  Cozy and comfortable midtown studio on a quiet tree-lined street, right in the heart of New York City!  Elevator, doorman, and laundry in the building... kitchen, private bath, approx. 300 sq. feet. Television, cable internet & wifi available, national phone service available upon request, and kitchen wares included.   Right in the theatre district, and central to all things in NYC; 5 minute stroll to Central Park/Columbus Cirlce, 10 minutes to Times Square, Lincoln Center, Carnegie Hall, etc.  Close to most subway lines, and most any food your heart desires.   Sometimes DATES ARE AVAILABLE THAT AREN'T LISTED, so please contact me.  Thank you! "
9657,"Awesome, spacious & clean 1 bedroom with a cozy, designer vibe. Located in the east village, it is perfectly convenient for great restaurants and bars of all varieties. Super convenient access to subway lines; only 4 blocks from L train or quick walk to Union Square with access to N, R, Q and 4,5,6, short walk to F, V at 2nd Avenue or 6 at Astor place. The east village offers a mixture of old school cool NY flavor and new school sophistication. Fun and unique boutiques and cafes line the streets. For some urban nature, Thompkins Square Park is just 1 block east. Although the neighborhood is lively and fun, the apartment is nice and quiet at night. As a designer in the interior/home field, I bring a unique element of style to my home. If you are interested in a classic, cool downtown experience in comfortable spot, this is for you!!! Maps, Local recommendations, Menus The east village offers a mixture of old school cool NY flavor and new school sophistication. Fun and unique boutiques a"
9668,"for couples or friends who are ok with sharing a bed. it's in the front of the apartment & while everyone must walk past it when they enter, it offers a bit more privacy than the other room(s) as it is more isolated. more noise from the nearby stairs _________________________________________________ F.A.Q. F.A.Q. F.A.Q. F.A.Q. F.A.Q. F.A.Q. F.A.Q. F.A.Q.  FREQUENTLY ASKED QUESTIONS -------------------------------------------------------------------------------------- Hi, are xx-xx dates available? check the calendar, if there's availability, feel free to make a booking, i've had many times other guests book the dates someone is looking for because they are writing to ask me if the days they want are available.  --------------- Where are you located?? check the tab on this listing that says ""location"", that will show you where i live, and where you will be located in relation to wherever you would like to visit. --------------- How far away are you from X? times square- 15 minutes centr"
9704,"The room is spacious, the neighborhood is safe, and you are 10 blocks north of Central Park. The Subway is a 4 minute walk with Express and Local trains.  Plenty of restaurants, bars and cafes nearby. The room has a desk and chair. Sorry, the picture has not been updated. Comfortable and conveniently located 2 bedroom, 1.5 bathroom in the best area in Harlem (8th Avenue, between 120th and 121st streets). The second bedroom has a closet, dresser, and full size bed.  It is fully equipped with fresh linen, towels, etc. Please note, I only rent the room to two guests when I am out of town. Large modern living room/dining room has a sofa bed, tv but no cable, wifi (throughout apt), antique dining room table and chairsâ€¦ Full kitchen with everything you could possible need and washer / dryer Nearby Restaurants/bars: Vinteria - (8th Ave & 119th) Delicious cafÃ© / restaurant â€œLes Ambassadesâ€ (8th Ave & 119th) Cedric - French (119th and St. Nicolas) Billy's Black - (119th and St. Nicolas) Harlem "
9782,"A private bedroom in an eclectic 3 bedroom loft apartment in an old warehouse. Very close to lots of great bars, venues, shop, restaurants and activities in Williamsburg and Greenpoint, and just 30 minutes to central Manhattan. Best for laid back younger guests. It's a bit dusty from being by the highway, so it's not for everyone. Hi there!  Available for short term stay is ONE of three separate small private rooms, each about 90 SF, with full bed mattresses lofted above the floor with some short steps up. There is a roof with some chairs and a good view of the Manhattan skyline. It's very near delis, fun bars, really great restaurants, awesome pizza, a nice cafe, 15 minute walk or 5 minute b24 bus ride to the Graham L subway stop and 15 minute walk to the Nassau G, and 30 minutes total travel time to Union Square. That is a central subway hub. From there you can get to Times Square, Grand Central, Chinatown, and Wall Street area in 5-10 minutes, or the major museums in 15 minutes. It "
9783,"this simple small room is good for  friends traveling together or couples who don't mind sleeping in separate beds while they stay here. you must walk past the living room where there's sometimes guests or the host(ess) hanging out. _________________________________________________ F.A.Q. F.A.Q. F.A.Q. F.A.Q. F.A.Q. F.A.Q. F.A.Q. F.A.Q.  FREQUENTLY ASKED QUESTIONS -------------------------------------------------------------------------------------- Hi, are xx-xx dates available? check the calendar, if there's availability, feel free to make a booking, i've had many times other guests book the dates someone is looking for because they are writing to ask me if the days they want are available.  --------------- Where are you located?? check the tab on this listing that says ""location"", that will show you where i live, and where you will be located in relation to wherever you would like to visit. --------------- How far away are you from X? times square- 15 minutes central park 10-20min(d"
10452,"Private Rooms for Rent (Phone number hidden by Airbnb) EVERYTHING IS INCLUDED!!! JUST BRING YOUR CLOTHES.  $70  Low monthly rental rate  Offering a lovely furnished private rooms with full kitchen and bathroom in a brand new home for male or female. Perfect for travelers, students, international guests.  Included:  All Utilities  Comfortable bed or pullout sofa (full size with fine linens, soaps and towels)  Fully equipped Kitchen and bath  All Rooms are extremely Clean and large  TV, High speed internet cable  Wireless internet  Housekeeping  Laundry room on premises  Great location: Franklin Avenue in Downtown Brooklyn.  Clean and Safe area. Two blocks from the A, C, and Shuttle train to the B, Q. Quick stops to Manhattan. Close to shopping area. Two blocks from the A, C, S train with quick and easy access to Manhattan."
10962,"Lovely room,  gorgeous garden, helpful host in beautiful, vibrant Park Slope.  Super safe & quiet but culturally rich neighborhood,  excellent restaurants, Prospect Park. This is a LEGAL rental. 2 minutes walk to 3 great subway lines.   Organic market across street.  Five gyms nearby.  Please read;  then write me about your trip and needs.  Please do not  request reservation until I reply ""YES"". Welcome to an historic and stunning 4-story Brooklyn house filled with light, color, artwork, and  lovely garden, in beautiful Park Slope!   Safe,  quiet, dynamic,  popular neighborhood (""#1 in NY!)     Three excellent SUBWAY LINES (R, F, G)   3 minutes walk.  20 mins to Manhattan. I have a  LEGAL rental of  bedroom on top ""Guest"" floor, perfect for a family or friends.  Please write;  Wait until I reply ""yes! before you request reservation.   Discounts for longer stays.  I am a flexible host if you have any needs, let me know.  The main floor is my office.   Enjoy the patio and  garden! This i"
11174,"If you like a pleasant mix of vintage and modern furniture, huge windows, old hardwood floors, lots of huge trees and plants, and being right next to the subway, this place is for you. Huge loft with hardwood floors, clean, neat, no clutter, the second you step inside you feel comfortable. Big windows let in lots of morning light. Fresh air is provided by lots of wonderful plants and palm trees. Sleep well in a queen size bed that unfolds from a sleeper sofa.  Wi-fi Internet access of course.  Just a 30 second walk from the L train, which takes you to the center of Manhattan, Union Square, in 20 minutes, and to hip Williamsburg in just 10 minutes.  Note: please check our calendar before emailing and asking about availability. No parties or events please! We have a strict cancelation policy. Only book once you are sure please! Guests have access to the entire place! I'm happy to introduce you to the space and let you enjoy NYC. Never hesitate to get in touch with any questions! Bushwick"
11452,"Here is the authentic Brooklyn neighborhood where classic movie like ""Do The Right Thing"" was filmed. It is still all there, yet in a state of major gentrification. Here s a chance to catch this lovely vibe before it s a thing of the past.. Available. That place has private wifi internet, is large and has a long corridor, meaning privacy ! Parking is free on the block. Please respond with information (age, occupation, usual schedule), dates that you'd plan to rent, and anything else about yourself you'd like to include. There's a no shoe and no guest policy. Thank you."
11708,"We are renting a private basement apartment in our home. The apartment space is totally private, nothing shared. It has a separate bedroom, bathroom and kitchenette with mini fridge and coffee maker (there is no stove for cooking).  You will have use of a hair dryer. There are small windows in the bedroom and kitchenette area. The bathroom and kitchenette are all newly built. Full size bed sleeps 2 people. We cannot accommodate more than 2 people, sorry! Our basement room with private bathroom and kitchenette is located in our home where we reside upstairs. There are custom-made artistic details throughout the apartment, including beautiful steel banister, thick maple wood bench, sculptural metal table and unique sculpture throughout. Interesting concave yellow bathroom tiles light up the bathroom. Bushwick is a vibrant community with lots of restaurants, bars, art galleries, cafes and street art. We are renting a private basement apartment in our home. The apartment has a separate bed"
11943,"Ditmas Park. Entire 3rd floor.  2 large rooms Sunny tree lined quiet street.  2 1/2 blocks to B express or Q local trains. 30 minutes to midtown. Light Breakfast included.  Organic food co-op, restaurants (3-4), pizza parlor in neighborhood.  "
12048,"Live like a New Yorker instead of staying in a overpriced hotel/hostel. Share my small, cozy one bedroom apt. nestled in the  historic lower east side, steps to the subway and walking distance to the coolest neighborhoods. Sofa sleeper in living room Don't stay at a hostel! Stay with me in my lower east side apartment. ( Before reading description, PLEASE NOTE: do not automatically book with out messaging me first.) Cute, cozy, 1 bdrm apt in hip lower east side of Manhattan to share for short term stays - 1 person only for this particular listing (possible 2nd person (***no couples, see below***) Good situation for tourist looking for cheap place to stay that is more private and homey than a hostel or someone moving to NY and looking for a home base while you look for something more permanent or someone here in NYC for short term work/business.  I have a new comfy sofa sleeper in living room. The apartment is small with separate rooms for bedroom and living room. I would stay in bedroo"
12192,"Please contact BEFORE sending reservation request.  Private Room with room for two, queen size bed in BASEMENT 3-bedroom apartment in bohemian East Village neighborhood. Restaurants, shops, live-music, night-life are all within blocks!   Awesome area for exploring downtown and seeing how locals live.   Apartment is in back of building and quiet for sleeping.   Flexible check-in and you can come and go as you please.  I love hosting travelers and will provide as much information as you want! You get your own room with comfortable queen size bed in 8x10 space.  Has plenty of storage & desk with fan & air conditioner during warmer months.  Good for short and long stays.   You will share the kitchen & bathroom with other guests and my roommate. Best for budget travelers looking for a safe, clean, convenient home base to experience NYC. Again it is in a three bedroom BASEMENT apartment with little sunlight.  FYI:  you must enter through building courtyard to get to apartment - so you will p"
12299,"This is a large one bedroom apartment located on the second floor of a beautiful national historic landmarked building.   It is located three blocks from the F train which will have you into Manhattan within twenty minutes.  Prospect Park, the largest park in Brooklyn is a block away. There are many great restaurants and bars within walking distance."
12303,"Im renting 1 furnished  bdroom (full size bed) with its own bathroom in smoke free 2 bedroom apt. The apt is located in Fort Greene in a renovated Armory. Bldg offers 24h doorman- laundryroom. 1 block away from restaurants, Fort Greene park and CNRQBD trains(10min subway ride to Manhattan).  I rent the room for a minimum of 6 days."
12318,"One Bedroom with your own private bathroom is available in this 2 bedroom, 2 bathroom, doorman building in the heart of the West Side of Manhattan.  The bedroom has a Queen size bed and TV.  The kitchen has every modern convenience to make cooking fun.  Please be prepared to book online, because I cannot hold your requested days... Location: Steps to Riverside Park, 1  and 1/2 blocks to subway.  Near the famous Zabars,  Museum of Natural History and major clothes shopping. I am at the office all day, sometimes early evenings. There is a list on the dinning room table with all the info you may need. Cynthia is easy to reach if you have any questions.  Roni"
12343,"Centrally located in the heart of Harlem located just steps away from major tourists destinations such as: The Schomburg Center for Research in Black Culture, The Apollo Theater, The Studio Museum of Harlem, Abyssinian Baptist Church, Striverâ€™s Row, the Theresa Hotel, Astor Row, and the legendary Jungle Alley, is this beautiful West 131st Street apartment.   Open, airy, 1,000 Sq. Ft. one bedroom apartment centrally located in a brownstone in the heart of Harlem.  1-2 Guests $150 a night; 3-4 Guests $175 a night 	17 ft. ceilings, top floor, skylights, private 	Sleeps up to 4 (1 queen-sized bed, pullout sofa-bed, blow up mattress available upon request) 	Close to transportation: 15-20 minutes to midtown 	wifi internet service, cable television, cd player/radio 	close to 2 major supermarkets "
12627,"My place is close to Prospect Park  and youâ€™ll love it because of the neighborhood. Right in the heart of  ""Little Caribbean"", its central to grocery, restaurant, gym, yoga and bars.  It's also an ideal place for couples, solo adventurers, and business travelers. Spacious 1 bedroom apt in Prospect-Lefferts Garden neighborhood. The large living room can convert into an additional sleeping space for your stay using a queen sofa bed.  WiFi. Balcony has lovely view of Prospect park and Eastern Brooklyn.     Safe building with 24 hr security. Steps from Beautiful Prospect Park, Zoo, Brooklyn Museum of Art, Botanic Gardens and the Brooklyn Public Library. Bars, restaurants, yoga studios & gym all within 2 mins walk. Also only 20 mins from Union Square. NYC Subway lines Q, B, and S to Prospect Park. This makes for an easy commute to all areas of Manhattan & Brooklyn."
12937,"Private room, dedicated bath and a separate entrance. Totally renovated Queen Anne Historic Townhouse Home on a safe, Landmark Block. Only one stop from Midtown Manhattan! Enjoy the rear private Garden at breakfast time. Beautiful tree lined,quiet street. 4 subway lines ( E, M, 7 and G ) are one block away! Great restaurants, supermarket and cafes nearby. Beautifully renovated bedroom suite in 1890 Townhouse on Landmarked block, only 5 minutes from Manhattan.  Dedicated entrance under stoop to foyer leading to bedroom suite assures privacy (my daytime office/library is in the rear of this floor). Includes one double bed (sleeps 2), & one  thick futon sofa bed (sleeps 2 addit'l ).Microwave, small refrigerator, coffee maker in room.  THERE IS NO TV. NO COOKING . WIFI available. A friendly, medium sized dog (Gus) is on the premises.   Private Bathroom (walk-in shower stall big enough for two).  Soap, Shampoo, Clean towels, hairdryer provided.  Housekeeper once a week.   Beautiful rear gar"
12940,"Super cute 1 bedroom apartment in a 100 year old, historical Brooklyn brownstone.  We are central in Brooklyn and right across the street from the subway.  Lots of Cafes and bars nearby.  10 minutes to lower Manhattan and SOHO, 30 minutes to Times Square. If you're traveling to New York City donâ€™t settle for a cramped hotel room. Stay in an Historic Brownstone and get a true taste of living as a New Yorker.  This 1 bedroom apartment with attached den, is best suited for 2 guests, but can sleep 4.  It is truly charming, with tin ceilings, hardwood floors,  newly renovated  bathroom & kitchen with stainless steel appliances. It also includes free wifi internet!  Living room has a sofa bed and there is a daybed in the small room. Best suited for 2 or a family of 4.  This is a 1.5 bed room apartment- 1 large bedroom with private den attached.  Located in the Bedstuy/ Clinton Hill neighborhood of Downtown Brooklyn. We're across the street from the C Train & S Shuttle that connects to the 2,"
13050,"Wonderfully bright, comfortable, and stylish, this duplex in the heart of the historic Bed-Stuy brownstone neighborhood of Brooklyn is perfect for families, couples, or business travelers. Two large, bright bedrooms and a large bathroom in the upper duplex of a a brownstone in the fabulous Bed-Stuy neighborhood of Brooklyn. Brightly light, lots of space, and a beautiful mix of modern and antique furniture, with a well-equipped kitchen, as well as a washer-dryer and dishwasher. A 10-year-old lives here so there are lots of books and toys for kids. Blocks from the subway and two buses; coffee shops, wine store, and great restaurants around the corner. Depending on the booking, either the whole apartment or one floor of it will be available. There is a large master bedroom downstairs (3rd floor) -- the other bedroom (also Q-sized loft bed), as well as two living rooms and the bathroom, are upstairs (4th floor). I will be available, either onsite or via e-mail, phone, and text, during your"
13394,"Large private parlor room with high ceilings in beautiful brownstone on quiet street 1 block from Fort Greene Park. Share full kitchen/bathroom/washer-dryer/wi-fi facilities with documentary sound recordist, who lives in the other side of the 3-bedroom apartment (often away & place will be all yours!)   8 minutes to B/Q//R/4/5/2/3/C/G subways (only 1 stop to Manhattan!)  Multiethnic & multicultural neighborhood has many lovely bars/cafes/restaurants/shops, and farmers market & flea market on weekends.  By the way, guests:  There has recently been some static regarding the legality of renting out one's apt on airbnb in NYC, which seems to be an attempt by the hospitality industry lobby to push the City Council to disallow such practices, on insurance and liability grounds. So if you are sitting outside on the stoop, or coming in & out of the building, and some other tenant asks you who you are, just say you're a friend of Alex's. No need to say you're a short-term paying guest - other t"
13808,"Romantic quiet room in a beautiful 1800 Liberty house in Central Brooklyn, the ideal cozy retreat to relax after a full day chasing the city. Private Victorian bathroom with crow feet tub to soak and nap waiting for the sun to come up... A beautiful room for two people in a historical four stories brownstone with original wood details from the 1800s, on a lovely quiet street, one block away from subway, laundry mat, supermarket, and shopping. Cafes, restaurants, and wine bars all around. Guests will have use of a fully functional, modern, all stainless steel kitchen on the upstairs floor. The room is WiFi ready.  It has a queen size iron bed, an antique mirror bureau and a dresser, a ship steam trunk, a sofa, a round table where you can eat at, two large wall closets, one with drawers and shelves. The Blue Room has its own private bathroom, so you don't have to share your bathroom with anyone. Your bathroom is right outside the room, it has a claw foot bathtub.  The mattress has been r"
14287,"Spend your time in this pre-war brownstone apt on Central Park West.   Cozy. Cool. Very quiet. Faces the back. Engage in the excitement that is New York, but rest in this little oasis. Enjoy this cozy pre-war brownstone right on Central Park! I'm a big traveller, so the place is artfully decorated with mementos from India, Brazil, Japan, and Spain. But-- the goosedown-filled sectional is from Crate and Barrel, and will soak you right up!  You can have it all to yourself. This 1 bedroom is uncharacteristically quiet for New York, as it faces the back of the building. You'll always get a good sleep at night, and a nice hot shower in the morning. Step onto beautiful tree-lined 85th Street and let your New York adventure begin! Take the subway at the end of the block. Walk the other direction if you're stomach is growling!  Italian, Mexican, American, Greek .... all types of cuisine are within walking distance from this apartment! Wi-fi, VERY CLEAN,VERY NICELY FURNISHED (800sf) ONE BEDROOM"
14290,"Original factory building loft,  lots of natural light 1200+ sqf loft 1 x bedroom with queen bed 1 x bed loft area with queen bed (ladder steps to access) open plan kitchen living area BROOKLYN FACTORY LOFT MORGAN AVE L train (5 mins walk away)  (15 mins to union sq) Bushwick / East Williamsburg Large loft,  1200sqf, 14ft ceiling, top floor,loads of light , 2 large queen beds  (1 loft deck/bedroom with ladder steps) office area with large desk, fast  wi fi internet, open plan lounge and commercial style kitchen, dining area, stereo for musics etc, photo/art books, projector for evenings in. rooftop one flight up for a view of Manhattan and Brooklyn. fresh towels, sheets, soap etc, provided. lots of light with large windows on south and west direction. This is a non smoking Apartment :) great location in Bushwick, local cafes, bars, organic grocery store open 24hrs, art gallery, 5 minute walk to L train station 1 block from NY Loft Hostel,music venue downstairs, cafe, and the amazing Ro"
14314,"Greenpoint Place still has great dates available but we are booking up fast!  You can rest assured, our private home falls within the NYC short term rental guidelines. You will enjoy a fully furnished living space which occupies the entire ground floor of our (Phone number hidden by Airbnb) Victorian home. We offer you a complete kitchen w/ all appliances, beautifully tiled bath w/oversize shower and a separate bedroom w/double bed, closet and chest of drawers. Living room w/HDTV and a queen size sofa bed for additional sleeping space. Linens, towels, basic paper products and soap/shampoo are included. On street parking is free, safe and widely available most likely in front of our home. We are a short walk to the 7 train which puts you along 42nd St. in one stop!  The East River Ferry, a nice alternative to the subway, is only six blocks away on India St. and the East River!  Fabulous restaurants, galleries and bars are flooding our neighborhood.  Enjoy the unique, diverse community f"
14322,"You will find a welcoming apartment, I love to feel home after walking all day, and you will feel the same. A lovely home in the heart of Manhattan close to everything :) Please do not wear shoes in the apt, on rugs especially. Check in or out are flexible only if available. THE APARTMENT IS MODERN AND WELL FURNISHED,SPOTLESS, WELL-MANTAINED, WELL DESIGNED, WOOD FLOOR AND LOTS OF WINDOWS!! I HAVE A NICE BIG SIZE ONE BEDROOM APARTMENT WITH A QUEEN SIZE BED, WITH ALL THE FACILITIES INCLUDED (AC on usage) The apartment is located  on the east side of manhattan, still in between of east village and mid town. Near you have many famous landmarks, including Gramercy Park, Union Square and NYU, Empire State building, Madison Square park and the Flat Iron building. It's also located near many great restaurants and cafes,bars, supermarkets and more.. Major bus an trains( 6 and N R Q) On the east side you are 2 avenues away from the East Side River, take the chance on a sunny day and walk, run or"
14377,"Fully furnished 1 bedroom apartment in Williamsburg, Brooklyn. Apartment is set up with everything to make you comfortable.  Bedroom has a queen sized pillow top mattress and an air conditioner.  Living room is set up with flat screen with roku with netflix/hulu/amazon prime, air conditioner, and a desk to work.   Apartment has an eat in kitchen with stainless steel appliances and all the dishes/cookware necessary.  The building has an elevator. The neighborhood is extremely trendy. Within walking distance are many coffee shops, bars, restaurants, shops.  There are several large music venues as well as smaller ones in the neighborhood.  An abundance of thrift/vintage shops thrive in Williamsburg.   Rarely is it necessary to leave the neighborhood for a great night out.  The JMZ train is 3 blocks away. 1 stop to Manhattan, Lower East Side. L train is 10 minutes walk, 1 stop to Manhattan. Or walk over the Williamsburg bridge into Manhattan's Lower East Side. The night view of Manhattan o"
14468,"My place is close to Empire State Building & 6 Train. Youâ€™ll love my place because it's clean, modern, spacious, and has a huge balcony with great view of Empire State Building and it's close to everything in Manhattan. My place is good for couples, solo adventurers, and business travelers. One bedroom in a 2 bedroom apartment available for rent in Murray Hill / Midtown Manhattan.  Large balcony with fantastic view of Empire State building.  Well appointed and nicely furnished with wi-fi. Ideal location for sightseeing in NYC. Close Central Park, Village, Union Square. Whole apartment Little to none, aside from logistical coordination. The neighborhood is very safe. It is located near a Trader Joe's grocery store, a Fairway grocery store, and many delicious restaurants including Indian foods, pan-Asian cuisines, classic american, coffee shops, corner stores, you name it. All of these literally less than a block away. This building is 2 blocks away from the 6 subway train. It's also onl"
14991,"Room for rent in my Manhattan apartment. The area is beautiful. It's the Lower East Side, a very nice neighborhood with lots of places to eat and hang out and it is in the heart of Manhattan. I have a room for rent in my Lower East Side (Manhattan) apartment. This is an apartment share situation. Minimum stay 5 nights.    The apt has two bedrooms, one is mine. The one I rent has a queen bed and a dresser. The room has two windows. The use of the kitchen and bathroom are shared with me. Location: The area is beautiful. It's the Lower East Side, a very nice neighborhood with lots of places to eat and hang out and it is in the heart of Manhattan. I offer clean sheets and towels at the beginning of the stay, you are welcome to laundry them during the stay.  I do offer a clean apartment at the beginning, during the stay it is a share like situation where everybody's help to keep it clean is highly appreciated! No smoking is allowed and no shoes, bring your slippers!  Utilities and wireless "
15220,"Super cool and spacious bedroom.!Super quiet to sleep and relax and yet in the middle of its all. 3 blocks from Times Square.  2 blocks from port authority bus terminal and major train lines in NYC! The apartment has a kitchen and two bedrooms with two full sized bed, There are huge windows, which provide great sun light! The shower and sink are inside the apartment and the toilet is conveniently located outside the apt in the hallway and is exclusively for the use of this apt.  The kitchen is equipped with a stove, silverware, microwave, coffee maker, blender, two Televisions, two Air conditioners .There is a internet with WIFI throughout. The kitchen can be used to cook breakfast only, and is available to eat lunch and dinner, but not to cook these meals in.  However, the Microwave is always available! The apartment is in New York City's Best Location, right in the heart of it all, only steps to the famous Times Square and theater district. Times Square is a major commercial intersec"
15338,"A private bedroom in an eclectic 3 bedroom loft apartment in an old warehouse. Very close to lots of great bars, venues, shop, restaurants and activities in Williamsburg and Greenpoint, and just 30 minutes to central Manhattan. Best for laid back younger guests. It's a bit dusty from being by the highway, so it's not for everyone. Hi there!  Available for short term stay is ONE of three separate small private rooms, each about 90 SF, with full bed mattresses lofted above the floor with some short steps up. There is a roof with some chairs and a good view of the Manhattan skyline. It's very near delis, fun bars, really great restaurants, awesome pizza, a nice cafe, 15 minute walk or 5 minute b24 bus ride to the Graham L subway stop and 15 minute walk to the Nassau G, and 30 minutes total travel time to Union Square. That is a central subway hub. From there you can get to Times Square, Grand Central, Chinatown, and Wall Street area in 5-10 minutes, or the major museums in 15 minutes. It "
15341,"Greetings! This is a bright, spartan 1-bedroom in a Luxury Nolita high-rise condo building with 24 hour lobby attendants and elevators. Amazing location with nearby subways, Whole Foods, SoHo, Lower East Side, Little Italy, Chinatown, NYU. Hello ~ : ) I am travelling soon and taking short term stays in my Nolita apartment for a minimum of 30 day stays. This is a simple, spartan 1-bedroom in an awesome, safe neighborhood.  For the stay, I am looking for guests who are Mature, Low Key, Financially Secure, Non-Smoking in the room, Relatively LOW maintenance & clean, and NON-Partying (meaning I dont mind if you like to have fun, just no throwing parties in THIS apartment, please). Apartment Amenities include:  * WiFi 25/25MBps (Download/Upload) * FiOS TV (Online streaming movies, TV series, Widgets, Showtime, 260+ channels and music) * Large wall closet in bedroom * Heating/Cooling unit inside both rooms * Cable TV connection in both rooms * Large Windows * Furnished * Desk * Queen sized b"
15385,"A home away from home.Its a very cute and charming. full size bed (sheets and towels included). VERY CLEAN  You are welcome to use the kitchen. Amazing stores, restaurants and cafes. Close to the river and to the Williamsburg bridge No smoking and no pets. Best location in Williamsburg - Brooklyn, first stop on the L, J,Z.M 10 to 15 min walk. Close to Bedford av. The apartment is overall a welcoming space. Small and charming. You will get a private room, my room is at the oposite end. Very comfortable kitchen and I will like  to keep it spotless at all time. Be ready to go up 4 floors. A good way to keep your legs in shape ;) For the most part ill be at the apartment while is rented. Williamsburg is one of the best places to be n Brooklyn. super cool vibe, amazing shops and restaurant just 10 to 15 min on the train to Manhattan.  Some days you don't even have to leave the neighborhood, It is a great place to hangout. L, J M and Z"
15396,"Modern, spacious, bright and well designed apartment in Chelsea/Midtown Manhattan close to everything & a great spot to explore the city!  Family-friendly space with great food shopping nearby.  Also very well suited for business travelers. Minimum rental period: +30 nights Available via phone, text, email to help with any questions you may have and happy to recommend restaurants etc. Explore Chelsea's thriving new gallery district, Midtown Manhattan shopping, museums, restaurants and nightlife. Excellent location for a NYC visit. Two Subway stops (A/C/E and 1/2/3 train lines) are within 1 block of the apartment. A variety of parking garages are nearby. Can not accept reservations more than 6 weeks in advance."
15711,"This apartment is  perfect for families. A Queen bed in the master bedroom and a nursery with a crib (or toddler bed) and a full sized bunk bed. (Two- need to update the picture). The living room has a new couch that can be two Twin Beds or one slide into a Queen (no pullout frame!).  There is air conditioning in each room, TV in the living room and the master bedroom, and a full kitchen. Updated pictures are coming. Enjoy an excellent and much more reasonably priced and comfortable alternative to a New York City hotel. Our newly renovated 2 bedroom is located on the charming, tree lined, park block of 77th Street between York Avenue and John Jay Park -  right in the middle of the very safe, Upper East Side. The apartment is a 5th floor walk-up in a beautiful Historic Old World style building with a central courtyard. This apartment can sleep 6 people and a baby.  The apartment has high ceilings, 4 floor to ceiling windows  (lots of light) and hard wood flooring throughout. The master "
15729,"Beautiful bedroom in a duplex house with large outdoor garden.  Located in Red Hook Brooklyn just a short walk to the water, great views of lower Manhattan and the statue of liberty.   NOTE: THIS LISTING IS FOR (1) PRIVATE ROOM YOU CAN RENT THE ENTIRE DUPLEX AS WELL in another listing."
16326,"Spacious and clean four bedroom, two bathroom apartment. Beautiful, safe Brooklyn neighborhood. Close to Manhattan via Subway. The other apartment is me and my family. Brooklyn Vacation Rental for up to 8 people Vacation Rental Details: This apartment is in a 2 family house (the other apartment is me). We rent the apartment out as a vacation rental. It's a great way for tourists to visit New York City, and not have to pay hotel prices! APARTMENT DETAILS: - master bedroom (queen bed) - master bathroom - three bedrooms (full beds; all bedrooms are private and have windows, except for fourth bedroom, which is private, but has no window) - second full bathroom - Comfortable living room with two sofas, TV and DVD player - Kitchen equipped with dishes, silverware, pots & pans, stove/oven, dishwasher, microwave, coffee maker, toaster, fridge/freezer - Linens and towels included - no washer or dryer, but there is a laundromat one block away (they also do drop-off service for a reasonable price"
16338,"Lovely and quiet double room at the back of the apartment, with your private access to a tranquil deck, where there is room to work and relax.  Beautiful Block and close to Fort Greene park and train. If you ask around anyone will tell you that the Fort Greene/Clinton Hill area of Brooklyn is one of the coolest neighborhood to be in. Lots of bars/restaurants. Lovely park and trees everywhere. Farmers market on saturday and much to do. Close to ALL the trains and buses.  My block is nice and quiet.   This is a two bedroom apt. You will have a private room  and share the bathroom and kitchen with me.  The apt has high ceilings and wood floors.   The Room opens onto a really cute deck that is also your own private space. There is a loft double bed suitable for a couple,  Also a double bed in the room if climbing up a ladder is not your thing.  Loft area becomes a great storage space for cases etc  Please Note utilities are not included for long term stay. Average price for gas electric an"
16421,"We are offering longer term stays for an individual who need accommodations for work or school or just a temporary space. Minimum stay would be one month but we are looking for someone needing a place for 3 to 6 months ideally. Charming, asian inspired two bedroom in the heart of the theatre district. Quiet and peaceful ground floor rear unit with a private deck/garden just off the living room. Short walk to Broadway, Central Park and all subway lines. Great for Broadway theatre enthusiast. You can just go out of the building and walk to all Broadway theatres! An endless choice of great restaurants can be had on 9th Avenue and the theatre district ""restaurant row"" on West 46th Street. WIFI internet is available. Continental breakfast included as are fresh towels.  Coin operated washers and dryers are available in basement of the building requiring quarters only.   Bed linens and towels are incuded. There is a coin operated laundry room in the basement of the building that guests can us"
16458,"Located in the heart of Park Slope, a safe, family neighborhood, we are right across the street from beautiful JJ Byrne Playground / Old Stone House and a short walk to the subway, Prospect Park, the Sunday farmer's market, Whole Foods, and incredible restaurants and bars. Our 2-bedroom, 2-bathroom duplex has amazing light, a rear balcony and a large south-facing roof deck. With toddler beds, a crib, a washer-dryer and plenty of space, our place is perfect for families. Our place is a relaxed and quiet refuge from the city! With two floors, incredible natural light, and lots of plants, we have plenty of space to accommodate families in comfort. The large master bedroom upstairs opens directly out onto the south-facing deck, where in season you can enjoy views of the Freedom Tower and Statue of Liberty while eating straight out of the garden! The open kitchen / living room area is perfect for hanging out, and opens to a north-facing terrace (think Rear Window) where you can drink your m"
16580,"This clean and very comfortable room in the East Village has spectacular views of downtown Manhattan and is a block away from Tompkins Square Park. Am always excited to share the space with guests! Thanks for taking a look. This listing is for 1 PRIVATE ROOM in a shared apartment. The room has a large queen size bed in a luxury duplex with a large private terrace. The Apartment: Just one block off Tompkins Square Park in an elevator building. The apartment is a large luxury 2-floor, 3-bedroom, 2-bath duplex in Alphabet City/ East Village and a short walk away from Lower East Side, West Village, SoHo, Noho, Chinatown, Little Italy, and the rest of downtown Manhattan! The Room: A large, bright room with a very comfortable queen-sized bed, AC, large closet, and spectacular views of lower Manhattan.  The Host: Friendly, creative female who loves to travel, write, make movies, listen to music, and meet new people! I've lived in the neighborhood for over 12 years and have lots recommendation"
16595,"* Please inquire about availability before sending a request * Parties or events of any kind are NOT allowed * Do not book if you are more than 4 guests Bright and spacious full floor loft featuring a bedroom, hardwood floors, high ceilings, exposed brick, and six windows letting in plenty of light. A carefully arranged blend of modern, vintage, and mid-century furniture creates an eclectic and cozy ambience that makes you feel at home No elevator - Two flights of stairs - Street parking â€¢ Private bedroom with queen size bed and secretary desk â€¢ Two sofa beds in the living area (twin & full size) â€¢ Dining area with fully equipped open kitchen â€¢ Office area with two desks, cinema display, all-in-one printer â€¢ Wall unit with reading  nook â€¢ Home theater  (projector / screen / sound system) â€¢ Spacious wall closet â€¢ Clawfoot tub Nestled in historic South Williamsburg in a quiet and breezy area a stone's throw away from the East River and great views of Manhattan. Bedford Ave strip, William"
16821,"The apartment is among the best available in the lively East Village. Itâ€™s a second-floor walk up with a fire escape/terrace off the room, a large kitchen, spacious living room, large back deck with bbq, wi-fi internet, pressed-tin ceilings, amazing roof access, etc. It has a lot of character; very homey but spacious feeling with high ceilings, lots of artwork, plants, wood floors, exposed brick, etc. The apartment is among the best available in the lively East Village. Itâ€™s a second-floor walk up with a fire escape/terrace off the room, a large kitchen, spacious living room, large back deck with bbq, wi-fi internet, pressed-tin ceilings, amazing roof access, etc. It has a lot of character; very homey but spacious feeling with high ceilings, lots of artwork, plants, wood floors, exposed brick, etc. The access to grocery stores, laundry, restaurants, bars, theaters, liquor store, cinema, Tompkins Square Park, etc, is pretty unbeatable. In general, the rooms, location, and size of the ap"
16974,"Our luxury loft occupies the entire second floor of an old warehouse with high ceilings, lots of windows, 4 bedrooms & 2 bathrooms. It's located next to a small park on a very quiet block. Supermarket is next door, and the subway five minutes away. ABSOLUTELY NO SMOKING! PLEASE NOTE RATE VARIES DEPENDING ON MONTH/SEASON AND IS BASED ON 4 PEOPLE. A SECURITY DEPOSIT IS REQUIRED, AND  THERE IS A $150 CLEANING FEE. AVAILABLE ALL YEAR! ALL UTILITIES & WIFI INCLUDED. CHECKOUT TIME IS 10:00 AM. Soak up the Latin beat of exciting SpaHa (Manhattan's Spanish Harlem) in this 2000+ square foot luxury loft taking up the entire second floor of an old warehouse that has been renovated with care. With 12ft ceilings, the custom windows let in tons of light.   The loft has four bedrooms (2 with queen beds, 2 with 2 twins).  In true loft fashion, the walls don't quite reach the ceilings, but it's great for families or groups of friends on an outing to New York, or maybe even looking for a place to settle"
17037,"I am happy to host responsible visitors as my guests.  I am careful to make sure it is the right match for my home- Perfect for one or a couple but not more. This is an especially personable EV apt- please read the full description.  If you are interested please introduce yourselves and tell me a little bit about your stay in the city.  This is my home and it is important for me to know who is making the reservation.  Thank you. A charming artist's home for responsible guests in a small friendly and safe building in the east village.   My lovely east village floor-through home is available for a responsible older couple or single (35+) looking for a clean quiet temporary apartment in the city.   It is beautifully furnished with designer furniture and family antiques. There are windows front and back of this typical railroad apt, with a sunny kitchen, and quiet bedroom with a new super comfortable plush firm full (double) mattress.  There is a desk with wifi ( w/small speakers and a las"
17092,"This comfy and cozy room is located in the heart of the city in a quiet building.  You are minutes away from the cities most important landmarks and in one of the most diverse areas of the world.   Cozy apartment in the heart of NYC for 2 people to live comfortably.  Apartment is  5 minute walk from Times Square and the Theater District.   10 minute walk from Central Park (Columbus Circle).   2 blocks away from various subway stations (A,C,E,N,R trains). Temperpedic Queen Size Mattress AC 32 inch HD TV in bedroom. DVD Cable Wifi Microwave Open to interaction with guests and if you need any help i'm glad to assist. Heart of the city with great eats all around.  The apartment faces the back of the building and not the street so it is extremely quiet. 10 minute walk from Central Park (Columbus Circle).   2 blocks away from various subway stations (A,C,E,N,R trains). you can cook with no problems.. "
17693,"Our home is unique simply because we've kept the old school art deco style, and added our own personality to it, loads of color, high ceilings and just an overall feel of being home, but surrounded by beautiful unusual pieces on the walls, collected over the years living in beautiful NYC â¤ Our long passage way gives you the privacy you need but the security of knowing we're close by if you need anything! The room is a nice size and as a bed, wardrobe, dresser and amenities such as coffee machine and kettle! Bathroom is next door to your room so no fussing about in the night trying to find it lol And we keep our home clean and tidy! Hope to see you soon  Our guests can reach us, if we're not wind by phone or text, were always here to help! Conveniently located in Harlem next to C train,(155 St stop) and minutes away from 1 train, buses in all directions, Yankee stadium just 10 minutes away for those of you who love baseball, and for those who are food fanatics, you're in the right place"
17747,"A well-loved guest room in a bright, spacious flat: our family home of ten years, a nurturing destination for global travelers. Over tea, coffee or whisky (as your schedule goes), we'll get acquainted with one another's laughter and lives at a dining table which enjoys sweeping views of the city. We're respectful of boundaries and hope only to be of help while you're here. The layout of the apartment provides spaciousness, as the guest room pairs with a full private bathroom to form a distinct and sunny 'wing' for your quiet relaxation. Your windows face the rising sun, and blackout shades installed ensure a good night's rest no matter how sensitive to light you may be as a sleeper. There's ample closet and drawer space, electrical outlets within easy reach. As a launchpad to the larger city, we're perfectly positioned between JFK airport and Manhattan, making arrival a breeze, and exploration a joy. But you won't need to go far to find out why Brooklyn has a global reputation. If ques"
18127,"Your relaxing holiday escape in the East Village awaits you!  Recently renovated, this uniquely warm space is more bright, clean, and equipped with both modern fixtures and historic charm with high ceilings, exposed brick, and wood floors. This block of East 7th Street, in the East Village Historic District, was featured in the NY Times in December 2010, check out the article to see some of the great establishments right outside your door.  Just search on your favorite browser for ""Clever Young East Seventh Street NY Times."" This clean, recently renovated, charming apartment has a full size living room, large separate bedroom, small but practical, clean modern kitchen and a nice new bathroom. The space is immaculate, very well heated, renovated, modern, and extremely well kept. High ceilings, lots of light (south facing), wood floors, thoughtful lighting with dimmers, exposed brick, plenty of closet space, cleaning service, and free reliable wifi. The apartment is nicely furnished and "
18152,"Please message me before making booking request.Instant booking is not accepted Located on Upper East Site (70â€™s) safe residential neighborhood -Share kitchen and bathroom with hostess and a cat -Near Central Park, public transportation, museum mile -Lines & towels provided, full size bed, laundromat in the building - There is outdoor public pool next to my building -Complimentary coffee/tea For my safety please put your picture"
18198,"This bright & sunny bedroom is in a shared 3 bedroom, 2 bath flat in a quiet neighborhood 7 minutes from the subway. The room has two large southern-facing windows facing the park across the street. Includes a full size bed, tv, closet, desk & chair. This is a small bedroom in a large, quiet, newly renovated apartment. The bedroom is in the front of the apartment, far away from the other 2 bedrooms and bathrooms.  PLEASE CAREFULLY READ THROUGH ALL OF THE INFORMATION BELOW, BEFORE SENDING AN INQUIRY. The room sleeps 2 and belongs to a very spacious 3 bedroom/2 bathroom apartment in Woodside (Queens). We provide wireless internet access, as well as clean sheets and towels. The room is equipped with a full size bed, air conditioner, TV, closet, dresser, night stand, reading lamp and alarm clock.  You are more then welcome to make use of our spacious living room and, if you like cooking, of our newly renovated kitchen. Please note, that you would be sharing these common areas with us.  A q"
18590,"Stay in my bright guest bedroom, with use of your own private bathroom, in a beautiful, shared, 1750 square foot (163 square meters), sun drenched, loft-like apartment on the 4th floor (walk-up) of a Brooklyn Brownstone overlooking Fort Greene Park. This is a private bedroom with exclusive use of a hallway bathroom in a shared apartment. The apartment is on the 4th floor (walk-up) of a historic Brooklyn Brownstone fronting Fort Greene Park. It has an open kitchen with a large butcher block island ideal for cooking with friends, and a private planted roof deck to enjoy early morning coffee or an evening glass of wine, all located in historic Fort Greene, one of Brooklyn's best neighborhoods! The bedroom is cozy, with plenty of room for singles or couples, with both short-term and medium-term availability, and is only a short train ride to Manhattan - 1 stop on the Q/B, 2 stops on the F, or 4 stops on the C - and walking distance to the Brooklyn Bridge. I've lived in the neighborhood for"
18728,"Amazing loft in the Meatpacking District. The hottest neighborhood in NYC! Enjoy your own 1,100 square foot space within a 2,600 sq ft, two floor loft. Doorman, building, full sized bed (fits two) with true mattress and box frame (not an uncomfortable, thin, sleeper sofa mattress). Can sleep third guest on large sectional sofa, shared kitchen. Guests enjoy exclusive use of two bathrooms. The High Line starts just a few minutes away from our building. The neighborhood is lively and features some of the best restaurants, bars, clubs and stores in Manhattan. The Hudson River Park is ten minutes away; it's a great place to walk, run, picnic or just sit in, relax and people watch. The Chelsea Market is within two blocks of our home. Some of the most picturesque parts of the West Village are within a five minute walk of us. The 14th Street stop for the A,C,E and L subway lines is on the far corner of our block, about a five minute walk from the loft. Many additional subway lines are within a"
18764,"PLEASE READ ENTIRE LISTING BEFORE BOOKING.  I have a 3 bedroom cozy apartment in Williamsburg of which Two (2) bedrooms are available for rental during temporary stays in NYC.  Bedrooms:  1st Bedroom: Full size bed - Temperpedic mattress (Sleeps 2)   2nd Bedroom: Full size bed - Sealy's Spring mattress (Sleeps 2) ****3rd Bedroom is where I or my apartment manager, sleeps**** Common area: Bathroom / Full Living room / Full Eat in kitchen. Rooms are available separately for rentals as well (please see my other listings via my Profile)  *Rates include utilities  *Max 4 people / $14 extra p/p p/n after 2nd guest Looking forward to hearing from you soon! Guests have access to all the common areas (living room/kitchen, etc.) Everyone MUST be considerate of each other. Please clean up after yourselves in all common areas especially the bathroom!!  We cannot be available to clean the bathroom everyday, and depend on the guests to clean up after themselves.  AMENITIES:  - Washing machine and Dr"
19159,"1000sq feet: master bedroom-large studio with a sofa bed-dining-kitchen-bathroom Facing South West over the Hudson River: the light is really beautiful The apartment is across the street from Riverside Park and its Olympic swimming pool, gymnasium, running truck. Fairway market for good healthy food. Train 1-red line one block away, B&D trains 10 minutes walk Cleaning during long term reservation by my trusted housekeeper is not included and not obligatory but highly recommended If you're looking for the perfect, luminous and calm getaway in the heart of NYC, then this Riverside Drive apartment is the perfect choice for you. Approx. 1000sq feet, one master bedroom plus a large studio with a sofa bed, dining room, kitchen (dishwasher, large fridge and microwave), marble and tile bathroom. Laundry room in the basement. Facing South West over the Hudson River: the light is really beautiful. It's across the street from Riverside Park and its Olympic swimming pool, gymnasium, running truck "
19169,"Entire bright and sunny 2 bedroom apt in super charming neighborhood in downtown Manhattan. VOTED #1 NEIGHBORHOOD IN MANHATTAN! MONTHLY BOOKINGS WELCOME Entire 2 Bedroom Apartment located in the Lower East Side of Manhattan on Ludlow and Broome Street. A very charming & vibrant  neighborhood.  This is a very large & sunny NYC apt. Bright & Sunny....windows in every room!   Fabulous location, in the center of the action but nestled on a quiet block.  Located in the most vibrant & hip neighborhood in NYC. Steps away from the new Essex Market/Essex Crossing, Barrio Chino, Waypoint Cafe, Bacaro, Dirty French, Mr Purple, Katz's Deli and tons of great boutiques, galleries & cafes. The hip new Ludlow Soho House also opened 2 blocks away.  Best new movie theater in NYC 1-block away: Regal Essex Crossing and super hip indie theater Metrograph just down the block. Trader Joe's Super Market and Target are a few blocks away. Pretty much everything you need within 5 blocks. Full service laundromat "
19282,"A true GEM in Prospect Lefferts Gardens, welcome to our perfectly situated, peaceful top floor apartment right across the street from the best park & amenities in the city! This is a 1200 sq. foot 2 bedroom, 2 bathroom apartment located in a lovely pre-war well-maintained building.  With Pull-out Sofa couch and state of the art custom designed loft bed this apartment can sleep comfortably up to 6 adults or 4 adults and 4 children! Perfect summer-in-the-city oassis for families! Welcome to a real New York Gem!! *** This is a large 2 bedroom, 2 full bathroom APARTMENT with the use of one large bedroom , and queen sofa bed pull out in partitioned living room. (this is NOT a share. it is private, autonomous apartment) Foyer, dining room, living room and LOTS of windows.  Spacious, sunny, beautiful apartment with arched entrance ways, inlaid bookshelves and other classic details. 11 windows in total with 3 directional views ... sky and tree tops all around. One block from the lovely Parksid"
19601,"Visiting NYC with your family? Friends coming to visit? In town for a wedding?  Our spacious and ecletically decorated duplex comfortably sleeps 5 but can accommodate 8.  Near every subway and great for walking tours.  Read the impeccable reviews! Enjoy the serenity and charm of historic of Brooklyn Heights in our spacious duplex .  We are one subway stop from Manhattan or you can walk over the Brooklyn Bridge.  Explore trendy neighborhoods such as DUMBO and Cobble Hill.  The newly opened Brooklyn Bridge park provides a spectacular view of the NY skyline.  Walk to the taxi ferry.  We're about 10 mins by subway  from the Brooklyn Museum and Brooklyn Botanical Gardens.  There are also many Citibike stations nearby. People often comment that once you are inside our apartment, you feel like you're in a house. On the ground floor is a kid's bedroom (with one bed but we have an extra mattress so two could sleep there), playroom (could sleep two if necessary), two full baths and a guest room "
19812,"I love my apartment and I love being able to offer it to visitors. I know traveling is fun but also exhausting and I hope my house makes your trip a little easier and more personal feeling than some boxy hotel room. My apartment is sunny and bright and big, with high tin ceilings and loads of charm. It's near three different subway lines, is one stop from Manhattan and also the Wililamsburg Bridge is a few blocks away if you feel like taking a nice walk. There's also the ferry. So many options! My entire apartment is available off and on throughout the year. It is so bright and sunny.  Two bedrooms, each with a queen bed in it.  The living room and kitchen are huge. High ceilings.  Wood floors.  Loads of charming details.  Second floor of a three unit building in Williamsburg.  Five minute or so walk to the L train Bedford stop, (which is one stop from Manhattan)  as well as the J, M and G trains. Williamsburg is just overflowing with great shops and restaurants, all within walking dis"
20299,"Spring in the city, ah magical time. We have mostly great weather and everything feels new. Flowers bloom, trees show off their brand new ""coat"" and we feel happy. Baseball any one? You will get a nice, and comfortable basic bedroom in my home. AH, DEAR PROSPESPECTIVE GUEST, I VALUE YOU AND WILL TREAT YOU WITH UPMOST RESPECT, BUT I WILL NOT BOOK YOU IF WE DO NOT EXCHANGE INFORMATION. I AM NOT A HOTEL IT IS MY HOME. A FEW BAD EXPERIENCES PROMPTED THIS.  Spring in New York is glorious, near perfect weather for a long walk. A trip to Chinatown. How about Central Park.  A walk under the bridges. A bit want an adventure, Inwood or Highbridge parks. The Cloisters? I know the city very well and can give you endless tips or even take you one of my epic urban exploration walks.  The East Village is vibrant. Restaurants, clubs, Red tail hawk watching in the park. Interesting people.  Williamsburg is a quick train ride away as well as all the wonders the city offers.  Again, I love the city, and "
20300,"Specious bed room with queen bed in convenience location new East Village & Union Square. I have extra bed room near East Village & Union Square area. Convenience to get around town since all the subway is right at the doorstep. Great special living room and kitchen.  laundry room in the building cafe in the building The East Village is a diverse neighborhood with a vibrant nightlife which lies north of the Lower East Side and south of Stuyvesant Town. At one point, the East Village was considered to be a part of the Lower East Side, but then started to break away as its own unique neighborhood during the 1960â€™s. The area has forever attracted individuals like artists, musicians and students who have revolutionized this part of lower Manhattan. L train + 4, 5, 6, N, & R at Union Square  as well as the M15 and M23 buses."
20611,"PLEASE READ ENTIRE LISTING BEFORE BOOKING... I have a 3 Bedroom cozy apartment in Williamsburg of which Two (2) bedrooms are available for rental during temporary stays in NYC.  Please see my profile to view my 2 other listings in the same space.  Bedrooms:  - This Bedroom: Full size bed - Temperpedic mattress (Sleeps 2)    - 2nd Bedroom: Other guests may be booked in this room (Sleeps 2) ****3rd Bedroom is where I or my apartment manager, sleep(s)**** - Common area: Bathroom / Full Living room / Full Eat in kitchen.  Please note that both rooms may be booked at the same time and you will be sharing the space with other guests. (Great way to meet new people!!) :)  *Rates include utilities  *Max 2 people PER BEDROOM Looking forward to hearing from you soon! Guests have access to all the common areas (living room/kitchen, etc.) Everyone MUST be considerate of each other. Please clean up after yourselves in all common areas especially the bathroom!!  We cannot be available to clean the ba"
20724,"FOR RENT is 400sqf brand new renovated room cosy and intimate. + a large private office in a separate room. FULL OF LIGHT 3 skylights with 2 with a direct view on the city. Furnished with a desks drawer+rack for clothes, and a queen size bed. FOR RENT is 400sqf brand new renovated room cosy and intimate. FULL OF LIGHT 3 skylights with 2 with a direct view on the city. Furnished with a desks drawer+rack for clothes, and a queen size bed.  it is a very spacious s2pace, ideal for live/work, visiting artist, creative professionals...  Next to the room is also a private 250sqf office space with 2 desks, chairs, a couch and shelves. AND a private access to a gigantic rooftop  The rom is party of a giigantic space in a big art studio located in Bushwick/east Williamsburg .  couple of blocks from Flushing or Myrtle JMZ, 10min from Morgan L, 15 from Flushing G train.  20min ride to union sq / 15min to Lower East side / 10min to Bedford(williamsburg) Delis and 24h laundry around the block, bars "
20734,"Bright, spacious apartment in Prospect Heights Brooklyn. Vibrant neighborhood filled with restaurants, shopping and nearby transportation. Unwind in peacful comfort after exploring the best that NY and Brooklyn have to offer. Minutes by train to NYC Floor thru apartment in Prospect Heights Brooklyn.  Many amenities are provided for your comfort. Closet space is abundant. The bedroom has a queen sized bed and the living room has a double sofa bed. Access to the apartment is through the building front entrance at the top of a staircase and one flight up. Sean and Lynette will be your hosts for your stay Prospect Heights Brooklyn. We are owner occupied and live in the ground floor apartment with our daughter. Our neighborhood is vibrant and fun. Our building is peaceful and welcoming. You can reach us by email, cell phone and text message if we are not on the site. We will do our best to ensure that your stay here is one to fondly remember. The building is close to trains and buses, and a"
20755,"The room is a converted parlor room, separated from the rest of the house by 4 sliding frosted glass doors behind 2 sets of curtains. There is a Queen size bed, a wardrobe, a desk and chair, a pair of occasional chairs and a large and heavy safe (the sliding doors do not lock). The private bath is newly renovated (January 2019) with stone and porcelain subway tiles, a rainfall shower-head and a roomy shower area. The sink and vanity cabinet offer plenty of storage. There are hardwood floors and historic details throughout the house, a pretty fireplace (non-working) and a large window overlooking a private balcony to the backyard. The shared kitchen is large with a center island stool seating for 4, bistro seating for 4, stainless steel appliances including a dishwasher.  The house is a 3 bedroom, 3 bath landmark two family brick home on a vibrant and safe block of Clinton Hill, Brooklyn. Transportation is nearby as the house is around the corner from the G-train at Clinton-Washington a"
20853,"My apartment has been called cozy, warm and comfortable.  It's updated, spacious apartment located in a popular Brooklyn neighborhood. Great for spending time at home, but close to restaurants, bars, shops and transportation, too. I believe that I'd found the perfect location and neighborhood when I bought and renovated this 2-family brownstone in 2004. The House ------------- As a visual artist, natural light is very important to me, and I find traditional brownstones to be dark. So I had a gut renovation and added large picture windows to make the space open, bright and airy.  The renovation also included the complete update of all electrical, plumbing and heating systems. Central air conditioning was added, too. The upstairs consists of the living room (with the large, north-facing picture window, overlooking the backyard garden below), the kitchen that's open to the living room with stone counter tops, modern appliances, and gas range, and a dining room/office in the front of the h"
20913,"Two blocks from the subway and SO close to the famous Williamsburg ""hipster"" scene, this cozy, private apartment is perfect for a couple looking to experience all NYC has to offer and still go home to a safe, quiet place of their own. Hello traveler!  I am constantly leaving town and would love to share my beautiful furnished apartment in South Williamsburg! My schedule is always changing, so email me and we'll figure something out! The rate is as follows: $110/night for two people. Each extra person is $15 extra per night.  The bedroom is of moderate size with a VERY comfortable full size bed and access to a fire escape, overlooking the tree-lined street. The closet in there won't be available for your use, but the large living room closet will be available to you. The kitchen is well-equipped for any cooking needs you may have, and you are more than welcome to use any condiments and spices you find. You also have access to my window herb garden! I just ask you water the plants once e"
21293,"Sunny, fully furnished, private apartment in artist's building. The space is decorated with contemporary art made by your host. Bushwick is a thriving artist community with so many great art galleries, cafes, restaurants and bars. Your hosts runs an art gallery next door. Our pad is easily accessible by bus and subway. Beautiful, sunny apartment with separate bedroom. Wood floors in the living room and bedroom. Large, full kitchen. Even the bathroom gets direct sunlight.  The space is uncluttered spacious, only art made by host hangs from the walls. The furniture is also very unique, either collected antiques or hand made by an artist.   There is a queen size bed in the bedroom and a full size futon in the living room. The bed has a custom-made, artistic, steel headboard by Tripoli designs, your host. This is a great place to stay if you're looking for grass-roots art and music and cool places off the beaten track. We are located in Bushwick, home to a thriving arts community. We are w"
21456,"An adorable, classic, clean, light-filled one-bedroom apartment with windows in each room that overlook the courtyards of historic row-houses.  A great retreat after a day exploring the city...and one block from lovely Central Park!   An adorable, classic, clean, light-filled one-bedroom apartment with windows in each room that overlook the courtyards of historic row-houses.  A great retreat after a day exploring the city...and one block from lovely Central Park! There is a livingroom/diningroom with a comfy click-clack futon couch that folds into a queen-size bed, and a separate, light-filled bedroom with a full-size bed.   The apartment has a complete, yet small kitchen and a clean bathroom with a bathtub.  Hot water is plentiful, the toilet well-functioning! It is a 3rd floor walk-up. (no elevator/lift) Free wireless internet.   The neighborhood is diverse, quiet, near transportation. Within walking distance of the Cathedral of St. John the Divine and Columbia University.    Great f"
21644,"A great space in a beautiful neighborhood- minutes from Columbia University! Nice room in a spacious pre-war apartment in uptown manhattan.  The apartment's living and dinning rooms sit on Broadway and get lots of sun light.  The apartment is 3 train stops (7 minutes) from Columbia University, and there's a great energy in the neighborhood.  The room is in excellent condition with a great orthopedic bed, and there's also a futon sofa available.  The neighborhood is eclectic- safe to be outside anytime of day or night! guest will have access to the common living quarters of the house as well- living room, dinning room and kitchen.  The neighborhood has an excellent new pub as well as nice restaurants and 24hr deli's that deliver.  Papa John, domino's, KFC and a host of fast food places are blocks away. I am available to serve as a resource to my guest. I love that the neighborhood is safe to walk anytime of the day, or night.  The neighborhood is also vibing with great energy.  Also, th"
21794,"It's comfy & has a loft bed & a chaise lounge, work desk, fresh white bed linens & comforter along with plush white bath towels, extra blankets, TV, DVD player, cable, wireless wifi, a small fridge, iron & board & Keurig Coffee maker.  Often search engine G people (Interns, DOOGLERS, Greyglers & regular Gâ€™s) LOVE stay here during their 3 month internships because they can pop out of bed & run across the street to work. monthlyâ€™s get a 20% to 25% monthly discount depending on the time of year. This is the smaller room of the two I have available in my apartment located by the front door of the apartment for easy coming and going. The room has a loft bed and a chaise lounge, a desk, fresh white bed linens & comforter, towels, extra blankets, TV, DVD player, cable, wireless wifi, fridge, iron, ironing board and hair dryer.  An additional folding  twin bed is available upon request. It faces the back of building with a window and is completely private. You can literally walk in the apartme"
22911,"Make your NY story in our welcoming, home away from home. This property is typically a long term rental, we have a small amount of availability during October :-) Come Enjoy the city!  The Studio is located inside a restored Brownstone. From the moment you walk in you are swept away by the rich colors and the old world charm.  Many cafes and restaurant for you to enjoy. Four blocks from the A express train, a quick ride to the city. This space sleeps 4 guests. Welcome to The Stuydio! As featured in The New York Times, San Francisco Chronicle, and Bloomberg Financial Our large Studio apartment is located inside a restored Brownstone in Brooklyn, NY.  From the moment you walk in you are swept away by the rich colors and the old world charm.  Your modern apartment makes you say, ""Ahh"" when you walk in to this large airy space. This space is set up like a Suite with two double beds and a sofa sleeper! Enjoy your full kitchen, living area and Spa bath!  The Brownstone is set on a historic t"
22918,"very close to public transportation and quick and easy access to many tourist destinations. i have a small, clean room i am renting in a busy, safe neighborhood, right off manhattan's main street (broadway) located on the 1st floor and in the back of the building, so it's quiet in the apartment. sometimes in the summer the latin flavor of this neighborhood can be heard by the sounds of salsa, merengue, bachata, etc. but not till very late, almost never past midnight, and not really loud enough to have ever bothered any guests before. this room has a loft bed with a tempur pedic (the top brand) memory foam mattress, sleeps 2. Terms:  * no pets  * $35 in case you lose the keys, or whatever it might cost you to replace them yourself. * this a cheap way to visit manhattan, but it is a private residence; please be courteous and by cleaning up after yourself, or chip in for housecleaning services.  * this may be redundant, but i have had problems with guests making a mess in the kitchen and "
